name,email,gender
Chariot,chender0@dmoz.org,Male
Ardyth,aghiriardelli1@answers.com,Female
Sibylla,sdawidowitsch2@harvard.edu,Female
Ferdy,ffrith3@army.mil,Male
Yvon,ybeach4@feedburner.com,Male
Roderigo,rmalinowski5@bandcamp.com,Male
Carey,cpavlitschek6@so-net.ne.jp,Male
Patrizius,pcoumbe7@phoca.cz,Male
Buddie,bpedrocchi8@apple.com,Male
Kliment,kedney9@bbb.org,Genderfluid
Hazel,hchaffina@usa.gov,Female
Alan,apidcockb@ocn.ne.jp,Male
Adella,ahaylandsc@a8.net,Female
Stefan,scowind@uol.com.br,Male
Toddie,tviegase@hatena.ne.jp,Male
Winthrop,wkeytef@shinystat.com,Male
Emmery,eboshellg@stumbleupon.com,Male
Ronnica,rmalehamh@xing.com,Female
Jonah,jgrzesi@army.mil,Male
Billy,bverissimoj@latimes.com,Female
Deina,dtrattonk@hp.com,Female
Tabbatha,tcosgriffl@forbes.com,Female
Filberto,fcoolicanm@networkadvertising.org,Male
Vincenz,vdunbletonn@huffingtonpost.com,Male
Thaddeus,tmcgurno@networksolutions.com,Male
Jilleen,jfratczakp@usnews.com,Female
Joey,jshowersq@ebay.com,Male
Leonelle,lgabbottsr@columbia.edu,Female
Brucie,bkobierskis@tinypic.com,Male
Keene,kgoadet@1688.com,Male
Patrice,pdurtnalu@fema.gov,Male
Kirsten,kohartaganv@webmd.com,Female
Brietta,bsarfassw@tuttocitta.it,Female
Halsy,hrikelx@live.com,Male
Malissa,mwintertony@ucsd.edu,Female
Pier,pdaensz@goo.gl,Female
Ely,ebollum10@google.cn,Male
Rebecca,rbartke11@sciencedirect.com,Bigender
Millisent,mmathewson12@springer.com,Female
Monti,mspreadbury13@apple.com,Male
Rhianon,rnatte14@goo.gl,Female
Norean,nwaplinton15@facebook.com,Female
Bondon,bcooke16@nyu.edu,Male
Gib,gsheepy17@elegantthemes.com,Male
Malvin,mbeedle18@360.cn,Male
Kelci,kmathevet19@hao123.com,Female
Nicol,nspadelli1a@telegraph.co.uk,Female
Bettine,bflott1b@wp.com,Female
Susi,smcaneny1c@washingtonpost.com,Female
Gabriello,gbartles1d@tumblr.com,Male
Hobey,hdigance1e@businesswire.com,Male
Kelsey,kcorbet1f@pbs.org,Female
Florinda,fkilgallon1g@wufoo.com,Female
Rosamond,rfetherston1h@usgs.gov,Female
Nichole,nriolfi1i@shinystat.com,Female
Antonius,amckerrow1j@yellowbook.com,Male
Eden,eholcroft1k@japanpost.jp,Polygender
Chaim,cbolley1l@mapy.cz,Agender
Egor,ejuarez1m@usda.gov,Male
Charmion,cpettinger1n@webnode.com,Female
Alonso,astoffler1o@miitbeian.gov.cn,Male
Tamma,tossenna1p@princeton.edu,Female
Bran,bmooreed1q@businesswire.com,Male
Sammy,sgillings1r@stanford.edu,Female
Brig,bdealtry1s@ning.com,Male
Ahmed,awrettum1t@abc.net.au,Male
Lou,lvelasquez1u@about.com,Male
Marianne,mtarver1v@usnews.com,Female
Susannah,sschofield1w@goo.ne.jp,Female
Leone,lferby1x@arizona.edu,Female
Cazzie,cchampkin1y@princeton.edu,Male
Zea,zadam1z@nyu.edu,Female
Davis,dspikins20@howstuffworks.com,Male
Ilyse,iroderick21@archive.org,Female
Marigold,mbleasdille22@163.com,Female
Tedra,tannice23@arstechnica.com,Female
Justus,jaddionizio24@vimeo.com,Male
Marika,mkristoffersen25@ifeng.com,Female
Pieter,pgrowy26@time.com,Male
Earlie,eruthen27@ebay.com,Male
Kingston,kpattington28@bing.com,Male
Sammy,sobey29@imdb.com,Male
Coraline,ccracker2a@i2i.jp,Non-binary
Carce,clars2b@hp.com,Male
Jarrad,jstrike2c@scientificamerican.com,Male
Pierson,pcrumley2d@mit.edu,Genderqueer
Brooke,bstoute2e@i2i.jp,Female
Ethelda,estrafen2f@berkeley.edu,Female
Gaylene,grestieaux2g@constantcontact.com,Female
Jermain,jbigland2h@eepurl.com,Male
Helsa,hpitcaithley2i@ucsd.edu,Female
Delano,devitt2j@bravesites.com,Male
Abeu,amacadam2k@123-reg.co.uk,Male
Mercie,mblonfield2l@slideshare.net,Female
Dov,dbowe2m@sbwire.com,Male
Montague,myakebovitch2n@businesswire.com,Male
Reade,rdarwood2o@networkadvertising.org,Male
Livia,lmolineaux2p@sakura.ne.jp,Female
Kalli,khodge2q@reverbnation.com,Agender
Becka,bwren2r@telegraph.co.uk,Female
